chip,chipinstance,sd_freq,mean,label
Chip1,C1I1,17.361955535019668,220.55,0
Chip1,C1I2,16.164157880941406,206.2,1
Chip1,C1I3,15.573615508288375,199.25,1
Chip1,C1I4,15.30751449452197,194.8,1
Chip1,C1I5,15.0790417467424,190.85,1
Chip1,C1I6,14.570861333497069,186.5,1
Chip1,C1I7,14.299562930383578,181.35,1
Chip1,C1I8,13.950985628262973,177.10000000000002,1
Chip1,C1I9,15.390175437596541,196.04999999999998,1
Chip1,C1I10,16.793376670580578,213.64999999999995,1
Chip1,C1I11,16.564721549123604,210.1,1
Chip1,C1I12,16.059887919907787,207.59999999999997,1
Chip1,C1I13,16.138695734166376,205.65,1
Chip1,C1I14,15.966762351835765,203.25,1
Chip1,C1I15,15.697133496278864,200.60000000000002,1
Chip1,C1I16,15.508384828859514,198.09999999999997,1
Chip1,C1I17,16.434643287884292,209.54999999999998,1
Chip1,C1I18,15.796122942038659,201.45,1
Chip1,C1I19,15.251803172084275,194.05,1
Chip1,C1I20,14.586294937371862,186.60000000000002,1
Chip1,C1I21,13.980611574605737,178.35000000000002,1
Chip1,C1I22,13.657873187286516,171.55,1
Chip1,C1I23,13.127071265137547,164.60000000000002,1
Chip1,C1I24,13.157507362718817,164.39999999999998,1
Chip1,C1I25,17.241809649801844,220.79999999999998,0
Chip2,C2I1,16.91973699559186,215.75000000000003,0
Chip2,C2I2,15.900628918379295,201.7,1
Chip2,C2I3,15.364895053335049,195.0,1
Chip2,C2I4,14.97197381777032,190.4,1
Chip2,C2I5,14.592806447013542,186.7,1
Chip2,C2I6,14.275503493747605,182.49999999999997,1
Chip2,C2I7,13.646977687385581,177.39999999999998,1
Chip2,C2I8,13.67982090526042,173.25000000000003,1
Chip2,C2I9,15.150907563575192,191.7,1
Chip2,C2I10,16.348012111568803,208.75,1
Chip2,C2I11,16.2184308735463,205.35000000000002,1
Chip2,C2I12,15.99304536353224,203.15,1
Chip2,C2I13,15.75690324905246,201.0,1
Chip2,C2I14,15.628739552503902,198.84999999999997,1
Chip2,C2I15,15.37888162383728,196.30000000000004,1
Chip2,C2I16,15.268185877831066,193.85,1
Chip2,C2I17,16.149303390549083,205.20000000000002,1
Chip2,C2I18,15.41679279227687,197.75000000000003,1
Chip2,C2I19,15.023232009125072,190.75,1
Chip2,C2I20,14.415182967968185,183.85,1
Chip2,C2I21,13.921206844235881,176.20000000000002,1
Chip2,C2I22,13.490366933482578,169.7,1
Chip2,C2I23,12.945172845505,163.15,1
Chip2,C2I24,13.040609648325498,162.85000000000002,1
Chip2,C2I25,16.91382570561729,215.85,0
Chip3,C3I1,17.175564037317674,215.8,0
Chip3,C3I2,16.225828176090115,201.85,1
Chip3,C3I3,15.65239598272418,195.35,1
Chip3,C3I4,15.343972758057157,190.95,1
Chip3,C3I5,14.963622556052396,187.1,1
Chip3,C3I6,14.612323566086259,183.0,1
Chip3,C3I7,14.338409953687332,178.1,1
Chip3,C3I8,13.979896280015817,173.75,1
Chip3,C3I9,15.377174642957009,192.04999999999998,1
Chip3,C3I10,16.88127661049365,208.85,1
Chip3,C3I11,16.484462381284985,205.55000000000004,1
Chip3,C3I12,16.4,203.4,1
Chip3,C3I13,16.101863246220915,201.3,1
Chip3,C3I14,15.91783590818802,199.14999999999998,1
Chip3,C3I15,15.79493589730582,196.6,1
Chip3,C3I16,15.550482307632779,194.05,1
Chip3,C3I17,16.4127237227707,205.25,1
Chip3,C3I18,15.876712506057421,197.90000000000003,1
Chip3,C3I19,15.343972758057157,190.95,1
Chip3,C3I20,14.693450922094511,184.05,1
Chip3,C3I21,14.32122550621978,176.45000000000002,1
Chip3,C3I22,13.75499909123952,170.0,1
Chip3,C3I23,13.236974729899579,163.54999999999998,1
Chip3,C3I24,13.258582126305965,163.29999999999998,1
Chip3,C3I25,17.2591280196886,215.85,0
Chip4,C4I1,19.206183899983877,231.05,0
Chip4,C4I2,17.794100145834854,216.9,1
Chip4,C4I3,17.398203930291203,209.95,1
Chip4,C4I4,16.990291345353672,205.29999999999998,1
Chip4,C4I5,16.5806362965961,201.45,1
Chip4,C4I6,16.27014136386036,197.04999999999998,1
Chip4,C4I7,15.819529070108246,191.95000000000002,1
Chip4,C4I8,15.487979209696785,187.45,1
Chip4,C4I9,16.995293466133504,206.4,1
Chip4,C4I10,18.496959209556582,224.05,1
Chip4,C4I11,18.282163438718076,220.64999999999998,1
Chip4,C4I12,18.141044622623024,218.45,1
Chip4,C4I13,17.79206283711925,216.25,1
Chip4,C4I14,17.682759965570984,214.0,1
Chip4,C4I15,17.417232845661797,211.2,1
Chip4,C4I16,17.305490458233184,208.6,1
Chip4,C4I17,18.282163438718072,220.25,1
Chip4,C4I18,17.592043656153194,212.4,1
Chip4,C4I19,16.98469899644972,204.8,1
Chip4,C4I20,16.27014136386037,197.45,1
Chip4,C4I21,15.625619987699684,189.4,1
Chip4,C4I22,14.992581498861362,182.35,1
Chip4,C4I23,14.634206503941371,175.6,1
Chip4,C4I24,20.4772434668341,178.25,1
Chip4,C4I25,19.115896526189918,231.25,0
Chip5,C5I1,17.848179178840624,223.75,0
Chip5,C5I2,16.748656662550584,209.75,1
Chip5,C5I3,16.16663230236898,203.2,1
Chip5,C5I4,15.793590472087086,198.65000000000003,1
Chip5,C5I5,15.549839227464702,194.95000000000002,1
Chip5,C5I6,15.211097922240855,190.75000000000003,1
Chip5,C5I7,14.80464454149441,185.65,1
Chip5,C5I8,14.429137188342207,181.4,1
Chip5,C5I9,15.878838118703776,199.95,1
Chip5,C5I10,17.413141589041306,216.85,1
Chip5,C5I11,17.08537386187379,213.5,1
Chip5,C5I12,16.965553336098413,211.29999999999998,1
Chip5,C5I13,16.62768775266122,209.2,1
Chip5,C5I14,16.76991353585343,206.7,1
Chip5,C5I15,16.39077484440562,204.35,1
Chip5,C5I16,16.059576582214117,201.9,1
Chip5,C5I17,16.941590834393327,213.25,1
Chip5,C5I18,16.426807358704853,205.60000000000002,1
Chip5,C5I19,15.650878569588356,198.5,1
Chip5,C5I20,15.350570021989409,191.4,1
Chip5,C5I21,14.571804967127445,183.55,1
Chip5,C5I22,14.139925742379278,176.84999999999997,1
Chip5,C5I23,13.611392287345184,170.3,1
Chip5,C5I24,13.737448817011115,169.85,1
Chip5,C5I25,17.90132676647181,223.95000000000002,0
Chip6,C6I1,17.965452958386546,219.04999999999998,0
Chip6,C6I2,17.01381791368416,205.49999999999997,1
Chip6,C6I3,16.40723925588945,199.05,1
Chip6,C6I4,16.092234151913154,194.8,1
Chip6,C6I5,15.712335917997683,191.05,1
Chip6,C6I6,15.53439731692221,187.04999999999998,1
Chip6,C6I7,15.077052099133967,182.25,1
Chip6,C6I8,14.816122974651632,178.15,1
Chip6,C6I9,16.26583843519909,195.95,1
Chip6,C6I10,17.537103523672318,212.29999999999998,1
Chip6,C6I11,17.364331256918597,208.99999999999997,1
Chip6,C6I12,17.160346733093714,206.95000000000002,1
Chip6,C6I13,16.984036622664235,204.85000000000002,1
Chip6,C6I14,16.79761887887685,202.79999999999998,1
Chip6,C6I15,16.60813053898602,200.29999999999998,1
Chip6,C6I16,16.321764610482532,197.79999999999998,1
Chip6,C6I17,17.303684578724848,208.75,1
Chip6,C6I18,16.675431028911962,201.49999999999997,1
Chip6,C6I19,16.17992583419343,194.70000000000002,1
Chip6,C6I20,15.539626765144654,187.8,1
Chip6,C6I21,14.899580531008244,180.24999999999997,1
Chip6,C6I22,14.405467711948825,173.85000000000002,1
Chip6,C6I23,13.94668419374297,167.29999999999998,1
Chip6,C6I24,13.944801898915602,166.85,1
Chip6,C6I25,18.05373922488081,219.15,0
Chip7,C7I1,17.56672991765969,215.9,0
Chip7,C7I2,16.283657451567816,201.75,1
Chip7,C7I3,15.928276742949938,195.1,1
Chip7,C7I4,15.560125320832089,190.65,1
Chip7,C7I5,15.070500987027602,186.8,1
Chip7,C7I6,14.87270990774714,182.65,1
Chip7,C7I7,14.387147041717476,177.70000000000002,1
Chip7,C7I8,14.240786495134323,173.4,1
Chip7,C7I9,15.727364687066935,191.9,1
Chip7,C7I10,16.963490206912017,208.8,1
Chip7,C7I11,16.880091824394796,205.54999999999995,1
Chip7,C7I12,16.496060135680885,203.39999999999998,1
Chip7,C7I13,16.421936548409874,201.2,1
Chip7,C7I14,16.24430669496239,199.04999999999998,1
Chip7,C7I15,15.92827674294994,196.3,1
Chip7,C7I16,15.866631652622432,193.90000000000003,1
Chip7,C7I17,16.74484995453826,205.3,1
Chip7,C7I18,16.010543401146638,197.95000000000002,1
Chip7,C7I19,15.663253174229165,190.85,1
Chip7,C7I20,15.04850490912636,183.95,1
Chip7,C7I21,14.302447343024898,176.4,1
Chip7,C7I22,13.888754443793726,169.65000000000003,1
Chip7,C7I23,13.477295722807304,163.04999999999998,1
Chip7,C7I24,13.482488642680181,162.75,1
Chip7,C7I25,17.593180496999395,216.0,0
Chip8,C8I1,18.281069443552806,233.74999999999997,0
Chip8,C8I2,17.072492495239235,219.3,1
Chip8,C8I3,16.476346682441477,212.29999999999998,1
Chip8,C8I4,16.218507946170625,207.40000000000003,1
Chip8,C8I5,15.782189328480383,203.35,1
Chip8,C8I6,15.447896296907224,199.04999999999998,1
Chip8,C8I7,15.007997867803686,193.79999999999998,1
Chip8,C8I8,14.688430821568383,189.10000000000002,1
Chip8,C8I9,16.2505384526175,208.6,1
Chip8,C8I10,17.706495983113093,226.59999999999997,1
Chip8,C8I11,17.382750070112614,223.2,1
Chip8,C8I12,17.229045243425418,220.8,1
Chip8,C8I13,16.981166037701886,218.59999999999997,1
Chip8,C8I14,16.85348628622577,216.19999999999996,1
Chip8,C8I15,16.654053560620007,213.45000000000002,1
Chip8,C8I16,16.395121225535355,210.8,1
Chip8,C8I17,17.377859476932134,222.70000000000002,1
Chip8,C8I18,16.745073902494422,214.54999999999998,1
Chip8,C8I19,16.189425561149474,206.85,1
Chip8,C8I20,15.498306359083239,199.35,1
Chip8,C8I21,14.863041411501213,191.10000000000002,1
Chip8,C8I22,14.283469466484675,183.95000000000002,1
Chip8,C8I23,13.815932831336436,177.0,1
Chip8,C8I24,13.878040207464457,176.8,1
Chip8,C8I25,18.051038751274127,234.0,0
Chip9,C9I1,17.12593063164744,218.75,0
Chip9,C9I2,16.04797495013,204.75000000000003,1
Chip9,C9I3,15.407060069980906,198.05,1
Chip9,C9I4,15.070418043305898,193.74999999999997,1
Chip9,C9I5,14.690132742763081,190.0,1
Chip9,C9I6,14.394443372357264,185.8,1
Chip9,C9I7,14.09033356595933,180.85,1
Chip9,C9I8,13.826695194441802,176.75,1
Chip9,C9I9,15.280052355931243,195.0,1
Chip9,C9I10,16.548111674750086,211.8,1
Chip9,C9I11,16.2825059496381,208.40000000000003,1
Chip9,C9I12,16.136604351597644,206.3,1
Chip9,C9I13,15.957365070712644,204.14999999999998,1
Chip9,C9I14,15.822057388342387,202.05,1
Chip9,C9I15,15.538259233260334,199.45,1
Chip9,C9I16,15.353175567289002,197.0,1
Chip9,C9I17,16.22582817609012,208.25000000000003,1
Chip9,C9I18,15.701512665982216,200.75,1
Chip9,C9I19,15.1907043944644,193.85,1
Chip9,C9I20,14.460204009625865,186.85,1
Chip9,C9I21,13.922643427165692,179.2,1
Chip9,C9I22,13.60872881646188,172.65,1
Chip9,C9I23,13.095705402917401,166.05,1
Chip9,C9I24,13.263106725047495,165.70000000000002,1
Chip9,C9I25,17.070954864916022,218.85,0
Chip10,C10I1,17.177601695230916,217.9,0
Chip10,C10I2,16.057941960288687,204.04999999999998,1
Chip10,C10I3,15.388226018615661,197.45000000000002,1
Chip10,C10I4,15.210193950111222,193.1,1
Chip10,C10I5,14.843096038225989,189.35000000000002,1
Chip10,C10I6,14.430436583832108,185.05,1
Chip10,C10I7,14.078263387222165,180.25,1
Chip10,C10I8,13.77524954401916,176.15,1
Chip10,C10I9,15.210193950111224,194.29999999999998,1
Chip10,C10I10,16.496060135680885,211.0,1
Chip10,C10I11,16.284271552636298,207.65,1
Chip10,C10I12,16.196836110796454,205.65,1
Chip10,C10I13,15.96738864060119,203.45000000000002,1
Chip10,C10I14,15.792086625902233,201.29999999999998,1
Chip10,C10I15,15.565265818481873,198.95,1
Chip10,C10I16,15.440773944333223,196.45000000000002,1
Chip10,C10I17,16.27014136386036,207.45,1
Chip10,C10I18,15.711699462502454,199.95000000000002,1
Chip10,C10I19,15.210193950111222,193.1,1
Chip10,C10I20,14.605392839632898,186.25,1
Chip10,C10I21,14.022481948642334,178.5,1
Chip10,C10I22,13.531814364674089,172.1,1
Chip10,C10I23,13.120594498726039,165.3,1
Chip10,C10I24,13.032171729991896,164.95,1
Chip10,C10I25,17.115417026762742,218.05,0
Chip11,C11I1,17.167410987099945,215.6,0
Chip11,C11I2,16.078557149197188,201.6,1
Chip11,C11I3,15.574257606704723,195.05,1
Chip11,C11I4,15.253114436075014,190.75,1
Chip11,C11I5,14.93552811252418,186.9,1
Chip11,C11I6,14.611553647713171,182.75,1
Chip11,C11I7,14.23657262124561,177.79999999999998,1
Chip11,C11I8,13.865695078141595,173.54999999999998,1
Chip11,C11I9,15.405112787642942,191.85,1
Chip11,C11I10,16.700598791660134,208.70000000000002,1
Chip11,C11I11,16.373683153157693,205.25,1
Chip11,C11I12,16.287418457201866,203.20000000000002,1
Chip11,C11I13,16.06167799453096,201.15,1
Chip11,C11I14,15.944826747255675,198.95000000000002,1
Chip11,C11I15,15.69004461434065,196.45000000000002,1
Chip11,C11I16,15.567193067473665,193.95000000000002,1
Chip11,C11I17,16.84161512444694,204.79999999999998,1
Chip11,C11I18,15.84226940813721,197.64999999999998,1
Chip11,C11I19,15.315351775261316,190.8,1
Chip11,C11I20,14.617455318898706,183.89999999999998,1
Chip11,C11I21,14.058449416631976,176.20000000000002,1
Chip11,C11I22,13.657232516143228,169.8,1
Chip11,C11I23,13.24688642662871,163.20000000000002,1
Chip11,C11I24,13.201515064567397,163.0,1
Chip11,C11I25,17.163624325881756,215.7,0
Chip12,C12I1,17.98638373881754,216.1,0
Chip12,C12I2,16.835379413603956,202.70000000000002,1
Chip12,C12I3,16.339828640472334,196.3,1
Chip12,C12I4,15.96613603850349,192.15,1
Chip12,C12I5,15.615937371800648,188.45,1
Chip12,C12I6,15.297630535478362,184.35,1
Chip12,C12I7,14.7770091696527,179.60000000000002,1
Chip12,C12I8,14.57806571531354,175.59999999999997,1
Chip12,C12I9,15.963395628750169,193.3,1
Chip12,C12I10,17.351656981395177,209.4,1
Chip12,C12I11,17.094955396256523,206.25,1
Chip12,C12I12,16.92217480113003,204.2,1
Chip12,C12I13,16.74753713236666,202.20000000000002,1
Chip12,C12I14,16.608431593621358,200.0,1
Chip12,C12I15,16.44992401198255,197.6,1
Chip12,C12I16,16.249846153117886,195.15,1
Chip12,C12I17,17.20232542419774,206.0,1
Chip12,C12I18,16.42772047485591,198.70000000000002,1
Chip12,C12I19,15.84550409422181,192.0,1
Chip12,C12I20,15.414846739426247,185.25,1
Chip12,C12I21,14.749830507500759,177.85,1
Chip12,C12I22,14.259032225224825,171.4,1
Chip12,C12I23,13.703922796046394,164.95000000000002,1
Chip12,C12I24,13.794201680416306,164.39999999999998,1
Chip12,C12I25,17.98638373881754,216.1,0
Chip13,C13I1,20.32775196621604,248.05,0
Chip13,C13I2,19.05931530774388,233.25,1
Chip13,C13I3,18.49155212522735,226.05,1
Chip13,C13I4,18.117877911057903,221.25,1
Chip13,C13I5,17.727309440521424,217.15,1
Chip13,C13I6,17.31004043900533,212.55,1
Chip13,C13I7,17.01815207359483,207.14999999999998,1
Chip13,C13I8,16.617385474255574,202.45,1
Chip13,C13I9,18.225188613564473,222.25000000000003,1
Chip13,C13I10,19.613197087675427,240.65,1
Chip13,C13I11,19.432704392338184,237.1,1
Chip13,C13I12,19.1988931972653,234.65000000000003,1
Chip13,C13I13,19.144646771356207,232.55,1
Chip13,C13I14,18.946701559902188,230.05,1
Chip13,C13I15,18.676656553034324,227.15,1
Chip13,C13I16,18.496486152780477,224.4,1
Chip13,C13I17,19.281856757065693,236.70000000000002,1
Chip13,C13I18,18.7187072203184,228.5,1
Chip13,C13I19,17.799929775142378,220.54999999999998,1
Chip13,C13I20,17.454440695708357,213.25000000000003,1
Chip13,C13I21,16.74992537296809,204.79999999999998,1
Chip13,C13I22,16.195601254661717,197.64999999999998,1
Chip13,C13I23,15.547025438970634,190.30000000000004,1
Chip13,C13I24,34.27269321194352,198.45000000000002,1
Chip13,C13I25,20.393136100168604,248.20000000000002,0
Chip14,C14I1,16.958699832239496,215.04999999999998,0
Chip14,C14I2,15.719971374019744,201.45000000000002,1
Chip14,C14I3,15.253770025800181,194.95,1
Chip14,C14I4,14.926486525636236,190.79999999999998,1
Chip14,C14I5,14.602739469017447,187.0,1
Chip14,C14I6,14.283907028540897,182.89999999999998,1
Chip14,C14I7,14.036737512684347,178.10000000000002,1
Chip14,C14I8,13.671046046297995,173.95,1
Chip14,C14I9,14.955851697579782,191.85,1
Chip14,C14I10,16.37307240562993,208.25,1
Chip14,C14I11,16.085941066658172,205.05,1
Chip14,C14I12,15.964883338126842,203.05,1
Chip14,C14I13,15.773316074941249,200.95000000000002,1
Chip14,C14I14,15.612094670479037,198.85,1
Chip14,C14I15,15.472475561460739,196.25,1
Chip14,C14I16,15.202631351183914,193.8,1
Chip14,C14I17,16.081588851851677,204.75,1
Chip14,C14I18,15.47247556146075,197.45000000000002,1
Chip14,C14I19,15.045265035884219,190.59999999999997,1
Chip14,C14I20,14.406942770761605,183.8,1
Chip14,C14I21,13.861818062577509,176.3,1
Chip14,C14I22,13.386467046984432,169.75,1
Chip14,C14I23,12.799609369039352,163.29999999999998,1
Chip14,C14I24,12.919365309487924,162.90000000000003,1
Chip14,C14I25,16.953391990985168,215.15,0
Chip15,C15I1,19.043568468120668,232.85,0
Chip15,C15I2,17.84537755274458,218.45,1
Chip15,C15I3,17.255651248214303,211.45000000000002,1
Chip15,C15I4,16.882461313445972,206.74999999999997,1
Chip15,C15I5,16.57339735841749,202.64999999999998,1
Chip15,C15I6,16.22682963489788,198.29999999999998,1
Chip15,C15I7,15.870018903580421,193.15,1
Chip15,C15I8,15.444011784507289,188.64999999999998,1
Chip15,C15I9,17.017344093600503,207.9,1
Chip15,C15I10,18.478095139921752,225.79999999999998,1
Chip15,C15I11,18.150482087261484,222.2,1
Chip15,C15I12,18.07429113409431,220.0,1
Chip15,C15I13,17.860291151042304,217.70000000000002,1
Chip15,C15I14,17.713201291692023,215.45,1
Chip15,C15I15,17.35965149419769,212.65,1
Chip15,C15I16,17.17789276948718,209.99999999999997,1
Chip15,C15I17,18.14931128169882,221.75,1
Chip15,C15I18,17.394754956595385,213.55,1
Chip15,C15I19,16.85200284832637,205.9,1
Chip15,C15I20,16.2505384526175,198.4,1
Chip15,C15I21,15.494434484678687,190.15,1
Chip15,C15I22,14.895301272549004,182.9,1
Chip15,C15I23,14.44913492220209,176.05,1
Chip15,C15I24,14.586209240237853,175.85000000000002,1
Chip15,C15I25,18.954616851838498,233.05,0
Chip16,C16I1,17.839772980618335,218.85,0
Chip16,C16I2,16.76596254320043,205.15,1
Chip16,C16I3,16.243075447710016,198.64999999999998,1
Chip16,C16I4,15.92286092384155,194.35,1
Chip16,C16I5,15.558839931048844,190.65,1
Chip16,C16I6,15.235484895466897,186.4,1
Chip16,C16I7,14.872793954062566,181.6,1
Chip16,C16I8,14.564254186191611,177.45,1
Chip16,C16I9,16.060432746349022,195.55,1
Chip16,C16I10,17.318126342072922,212.14999999999998,1
Chip16,C16I11,17.1461365910808,208.7,1
Chip16,C16I12,16.915082027587097,206.60000000000002,1
Chip16,C16I13,16.766633532107747,204.6,1
Chip16,C16I14,16.601731837371666,202.45,1
Chip16,C16I15,16.35168187068229,199.95,1
Chip16,C16I16,16.15147052128691,197.50000000000003,1
Chip16,C16I17,17.08069085253872,208.50000000000003,1
Chip16,C16I18,16.39969511911731,201.1,1
Chip16,C16I19,15.921055241409098,194.20000000000002,1
Chip16,C16I20,15.318534525208346,187.25,1
Chip16,C16I21,14.655289147608107,179.54999999999998,1
Chip16,C16I22,14.327508506366346,173.04999999999998,1
Chip16,C16I23,13.692242329143903,166.54999999999998,1
Chip16,C16I24,13.885874117245914,165.95,1
Chip16,C16I25,17.879317660358296,218.9,0
Chip17,C17I1,17.89126882029332,227.64999999999998,0
Chip17,C17I2,16.637307474468336,213.60000000000002,1
Chip17,C17I3,16.180157601210194,206.65000000000003,1
Chip17,C17I4,15.74928569808802,202.20000000000002,1
Chip17,C17I5,15.349185646150744,198.25,1
Chip17,C17I6,15.0771350063598,194.0,1
Chip17,C17I7,14.706121174531368,188.89999999999998,1
Chip17,C17I8,14.263151825595918,184.54999999999998,1
Chip17,C17I9,15.859933795574312,203.25,1
Chip17,C17I10,17.296748249309758,220.85000000000002,1
Chip17,C17I11,17.052565789346772,217.3,1
Chip17,C17I12,16.813982276664863,215.1,1
Chip17,C17I13,16.70381692907343,212.85,1
Chip17,C17I14,16.53594569415369,210.65,1
Chip17,C17I15,16.30705368851161,208.0,1
Chip17,C17I16,16.04618334682737,205.2,1
Chip17,C17I17,16.95877354056006,216.99999999999997,1
Chip17,C17I18,16.300230059726147,209.14999999999998,1
Chip17,C17I19,15.59863776103542,201.35,1
Chip17,C17I20,15.137949002424342,194.55,1
Chip17,C17I21,14.491376746189434,186.4,1
Chip17,C17I22,13.94991039397744,179.6,1
Chip17,C17I23,13.532830450426841,172.85,1
Chip17,C17I24,15.397402378323427,173.6,1
Chip17,C17I25,17.80449381476485,227.8,0
Chip18,C18I1,17.195857059187254,216.45,0
Chip18,C18I2,16.09440896709165,202.29999999999998,1
Chip18,C18I3,15.466091943344965,195.6,1
Chip18,C18I4,15.161052074311991,191.15000000000003,1
Chip18,C18I5,14.828351223247985,187.39999999999998,1
Chip18,C18I6,14.485078529300425,183.15000000000003,1
Chip18,C18I7,14.099645385611657,178.2,1
Chip18,C18I8,13.863531296174152,173.85000000000002,1
Chip18,C18I9,15.33810614124182,192.34999999999997,1
Chip18,C18I10,16.64692163734785,209.4,1
Chip18,C18I11,16.414627622946554,206.0,1
Chip18,C18I12,16.185178404948157,203.80000000000004,1
Chip18,C18I13,16.006170685082676,201.85,1
Chip18,C18I14,15.863716462418257,199.54999999999998,1
Chip18,C18I15,15.584527583472013,196.95000000000002,1
Chip18,C18I16,15.458897114606852,194.45,1
Chip18,C18I17,16.363373735266215,205.79999999999998,1
Chip18,C18I18,15.782822941413238,198.35,1
Chip18,C18I19,15.252458818170924,191.45000000000005,1
Chip18,C18I20,14.592378147512486,184.45,1
Chip18,C18I21,13.956718812099066,176.70000000000002,1
Chip18,C18I22,13.584458031147213,170.05,1
Chip18,C18I23,13.118593674628393,163.55,1
Chip18,C18I24,13.226394066411302,163.25,1
Chip18,C18I25,17.22316753678022,216.54999999999998,0
Chip19,C19I1,17.285543092422635,214.3,0
Chip19,C19I2,16.237918585828663,200.3,1
Chip19,C19I3,15.700875771752356,193.85,1
Chip19,C19I4,15.257702972597151,189.45000000000002,1
Chip19,C19I5,14.976982339576955,185.7,1
Chip19,C19I6,14.55987637310152,181.3,1
Chip19,C19I7,14.318432176743377,176.85,1
Chip19,C19I8,14.038429399330965,172.55,1
Chip19,C19I9,15.342424840943494,190.7,1
Chip19,C19I10,16.911460611076734,207.35,1
Chip19,C19I11,16.54743182490866,204.05,1
Chip19,C19I12,16.322300695674,201.94999999999996,1
Chip19,C19I13,16.19745350356036,199.85000000000002,1
Chip19,C19I14,16.019909487884135,197.75,1
Chip19,C19I15,15.847318385140115,195.25,1
Chip19,C19I16,15.649600633881999,192.7,1
Chip19,C19I17,16.4048773235279,203.79999999999998,1
Chip19,C19I18,15.844162963059928,196.55,1
Chip19,C19I19,15.30220572335897,189.74999999999997,1
Chip19,C19I20,14.708840878872815,182.89999999999998,1
Chip19,C19I21,14.213989587726592,175.35000000000002,1
Chip19,C19I22,13.757543385357721,168.89999999999998,1
Chip19,C19I23,13.264143394882309,162.45000000000002,1
Chip19,C19I24,13.337166115783367,162.2,1
Chip19,C19I25,17.22955309925362,214.45,0
Chip20,C20I1,16.810413439294106,215.1,0
Chip20,C20I2,15.594550330163418,201.29999999999998,1
Chip20,C20I3,15.14785463357766,194.75,1
Chip20,C20I4,14.759403781996074,190.39999999999998,1
Chip20,C20I5,14.463747785411632,186.6,1
Chip20,C20I6,14.12940196894405,182.40000000000003,1
Chip20,C20I7,13.87479729581661,177.7,1
Chip20,C20I8,13.503980894536246,173.45000000000002,1
Chip20,C20I9,14.979652866471904,191.5,1
Chip20,C20I10,16.169106345126195,208.2,1
Chip20,C20I11,15.816131006033048,204.9,1
Chip20,C20I12,15.711142542794267,202.79999999999998,1
Chip20,C20I13,15.678010077812806,200.79999999999998,1
Chip20,C20I14,15.307432835064144,198.55,1
Chip20,C20I15,15.271869564660381,196.1,1
Chip20,C20I16,15.057224179774966,193.6,1
Chip20,C20I17,15.94106332714352,204.65,1
Chip20,C20I18,15.307432835064148,197.35,1
Chip20,C20I19,14.743133995185694,190.39999999999998,1
Chip20,C20I20,14.267445461609444,183.6,1
Chip20,C20I21,13.757089081633515,176.04999999999995,1
Chip20,C20I22,13.325164164091941,169.4,1
Chip20,C20I23,12.760877712759422,163.0,1
Chip20,C20I24,12.851361795545253,162.55,1
Chip20,C20I25,16.7236359682935,215.2,0
Chip21,C21I1,16.50628668114061,214.85,0
Chip21,C21I2,15.298937871630173,201.24999999999997,1
Chip21,C21I3,14.910399055692634,195.00000000000003,1
Chip21,C21I4,14.628653389837352,190.65,1
Chip21,C21I5,14.164656720160922,186.95000000000002,1
Chip21,C21I6,13.867588110410546,183.1,1
Chip21,C21I7,13.582341477079714,178.4,1
Chip21,C21I8,13.258864958962356,174.15,1
Chip21,C21I9,14.680514296168235,191.84999999999997,1
Chip21,C21I10,15.847318385140115,208.05,1
Chip21,C21I11,15.664529996140967,204.85000000000002,1
Chip21,C21I12,15.474414366947785,202.85000000000002,1
Chip21,C21I13,15.26294532519854,200.95,1
Chip21,C21I14,15.136710342739597,198.8,1
Chip21,C21I15,15.088986049433544,196.25,1
Chip21,C21I16,14.910399055692643,193.79999999999998,1
Chip21,C21I17,15.611454128299517,204.55,1
Chip21,C21I18,15.086417732516887,197.4,1
Chip21,C21I19,14.56948866638771,190.49999999999997,1
Chip21,C21I20,13.948387003521232,183.75000000000003,1
Chip21,C21I21,13.459569086712989,176.39999999999998,1
Chip21,C21I22,13.033706303273831,169.85000000000002,1
Chip21,C21I23,12.48198702130394,163.4,1
Chip21,C21I24,12.56781603939205,162.9,1
Chip21,C21I25,16.364519546873353,214.95000000000002,0
Chip22,C22I1,17.227884373886425,212.8,0
Chip22,C22I2,15.927884354175857,198.74999999999997,1
Chip22,C22I3,15.58324420651875,192.25000000000003,1
Chip22,C22I4,15.050498330620151,187.85000000000002,1
Chip22,C22I5,14.759319089985146,184.15,1
Chip22,C22I6,14.518953130305233,180.00000000000003,1
Chip22,C22I7,14.206248625164907,175.25000000000003,1
Chip22,C22I8,13.935476310481816,170.95,1
Chip22,C22I9,15.221612923734465,189.15,1
Chip22,C22I10,16.565928890345994,205.70000000000002,1
Chip22,C22I11,16.325976234210312,202.35,1
Chip22,C22I12,16.230757838129428,200.25,1
Chip22,C22I13,16.072336482291547,198.20000000000002,1
Chip22,C22I14,15.707004806773314,196.10000000000002,1
Chip22,C22I15,15.721005056929405,193.50000000000003,1
Chip22,C22I16,15.428544973522289,191.2,1
Chip22,C22I17,16.332789106579437,202.2,1
Chip22,C22I18,15.728874721352446,194.95000000000002,1
Chip22,C22I19,15.147276983009188,187.99999999999997,1
Chip22,C22I20,14.611553647713167,181.15,1
Chip22,C22I21,14.122322755127781,173.6,1
Chip22,C22I22,13.692972650231942,167.15,1
Chip22,C22I23,13.243017027852833,160.75000000000003,1
Chip22,C22I24,13.327321561364087,160.45000000000002,1
Chip22,C22I25,17.223748140285846,212.85,0
Chip23,C23I1,16.99382240698072,215.70000000000002,0
Chip23,C23I2,15.974276196435316,201.95,1
Chip23,C23I3,15.467061776562474,195.5,1
Chip23,C23I4,15.080368032644294,191.25,1
Chip23,C23I5,14.761774961026873,187.5,1
Chip23,C23I6,14.405207391773295,183.5,1
Chip23,C23I7,14.144610280951538,178.70000000000002,1
Chip23,C23I8,13.777427190880015,174.45,1
Chip23,C23I9,15.264910743270008,192.34999999999997,1
Chip23,C23I10,16.65645520511492,208.95000000000002,1
Chip23,C23I11,16.346788675455496,205.54999999999998,1
Chip23,C23I12,16.069147457161503,203.54999999999998,1
Chip23,C23I13,15.946159412222114,201.4,1
Chip23,C23I14,15.84140145315433,199.29999999999998,1
Chip23,C23I15,15.60568806557404,196.85000000000002,1
Chip23,C23I16,15.36587127370264,194.3,1
Chip23,C23I17,16.206094532613342,205.34999999999997,1
Chip23,C23I18,15.607370053920041,198.10000000000002,1
Chip23,C23I19,14.959194497030913,191.15000000000003,1
Chip23,C23I20,14.498189542146289,184.25,1
Chip23,C23I21,14.051957159057947,176.75000000000003,1
Chip23,C23I22,13.483230325111265,170.24999999999997,1
Chip23,C23I23,13.029869531196395,163.65,1
Chip23,C23I24,13.029197979921866,163.20000000000002,1
Chip23,C23I25,17.08917786202718,215.79999999999998,0
Chip24,C24I1,17.628386199536248,218.0,0
Chip24,C24I2,16.484841521834536,204.10000000000002,1
Chip24,C24I3,15.887023006214855,197.45,1
Chip24,C24I4,15.553054362407405,193.15,1
Chip24,C24I5,15.266875908318635,189.34999999999997,1
Chip24,C24I6,14.889929482707434,185.3,1
Chip24,C24I7,14.438490225781917,180.29999999999998,1
Chip24,C24I8,14.226383939708642,176.10000000000002,1
Chip24,C24I9,15.758727740525247,194.45,1
Chip24,C24I10,16.947492439886204,211.15000000000003,1
Chip24,C24I11,16.841615124446946,207.8,1
Chip24,C24I12,16.624981202996892,205.70000000000002,1
Chip24,C24I13,16.46503871844825,203.65,1
Chip24,C24I14,16.29593507596296,201.35,1
Chip24,C24I15,16.02966000887106,198.9,1
Chip24,C24I16,15.848028268526026,196.39999999999998,1
Chip24,C24I17,16.718851635205095,207.60000000000002,1
Chip24,C24I18,16.115830726338622,200.20000000000002,1
Chip24,C24I19,15.583885908206593,193.24999999999997,1
Chip24,C24I20,14.976565026734269,186.45000000000002,1
Chip24,C24I21,14.40381893804556,178.70000000000002,1
Chip24,C24I22,13.955554449752261,172.15,1
Chip24,C24I23,13.53366173657374,165.6,1
Chip24,C24I24,13.533661736573737,165.2,1
Chip24,C24I25,17.533895745098974,218.15,0
Chip25,C25I1,17.18887721754973,216.45,0
Chip25,C25I2,16.125678280308083,202.65,1
Chip25,C25I3,15.60312468706188,196.04999999999998,1
Chip25,C25I4,15.247212860060685,191.85,1
Chip25,C25I5,14.92079086375786,188.10000000000002,1
Chip25,C25I6,14.549828177679625,184.04999999999998,1
Chip25,C25I7,14.290906199398274,179.3,1
Chip25,C25I8,13.923720767093828,175.10000000000002,1
Chip25,C25I9,15.471182889488448,193.05,1
Chip25,C25I10,16.72415917168932,209.55,1
Chip25,C25I11,16.54138748714871,206.05,1
Chip25,C25I12,16.223131633565703,204.1,1
Chip25,C25I13,16.09526327836858,202.05,1
Chip25,C25I14,15.868758615594356,200.05,1
Chip25,C25I15,15.65622879240081,197.45,1
Chip25,C25I16,15.513784193419738,194.95,1
Chip25,C25I17,16.37124002633888,205.95,1
Chip25,C25I18,15.817632566221786,198.55,1
Chip25,C25I19,15.249590158427209,191.70000000000002,1
Chip25,C25I20,14.726082303178941,184.85000000000002,1
Chip25,C25I21,14.076132281276696,177.25,1
Chip25,C25I22,13.649084218364251,170.75,1
Chip25,C25I23,13.225637980831017,164.25,1
Chip25,C25I24,13.187778433079616,163.85000000000002,1
Chip25,C25I25,17.232454845436273,216.25,0
Chip26,C26I1,16.872981360743573,214.85000000000002,0
Chip26,C26I2,15.709153382661968,201.15,1
Chip26,C26I3,15.206248715577424,194.7,1
Chip26,C26I4,14.699319712149947,190.5,1
Chip26,C26I5,14.521621810252459,186.65,1
Chip26,C26I6,14.160420191505617,182.64999999999998,1
Chip26,C26I7,13.849819493408567,177.95000000000002,1
Chip26,C26I8,13.531352482290895,173.65,1
Chip26,C26I9,14.977900386903364,191.54999999999998,1
Chip26,C26I10,16.28304332733903,208.05,1
Chip26,C26I11,15.91320206620905,204.7,1
Chip26,C26I12,15.828771272590933,202.7,1
Chip26,C26I13,15.599999999999996,200.6,1
Chip26,C26I14,15.445063936416703,198.50000000000003,1
Chip26,C26I15,15.403571014540754,195.70000000000002,1
Chip26,C26I16,15.119441127237474,193.45,1
Chip26,C26I17,15.962142713307635,204.49999999999997,1
Chip26,C26I18,15.358955042580211,197.25,1
Chip26,C26I19,14.80059120440802,190.35,1
Chip26,C26I20,14.250263155464884,183.5,1
Chip26,C26I21,13.666016244685208,176.0,1
Chip26,C26I22,13.219682295728594,169.4,1
Chip26,C26I23,12.753724946069683,162.74999999999997,1
Chip26,C26I24,12.752646784099374,162.3,1
Chip26,C26I25,16.81896251259274,214.95000000000002,0
Chip27,C27I1,17.957658533338915,230.64999999999998,0
Chip27,C27I2,16.695433507399564,216.35,1
Chip27,C27I3,16.129398624871293,209.45,1
Chip27,C27I4,15.806881412853079,204.85000000000002,1
Chip27,C27I5,15.429517166781338,200.7,1
Chip27,C27I6,15.141251599521095,196.45,1
Chip27,C27I7,14.722007335957965,191.24999999999997,1
Chip27,C27I8,14.321661914736007,186.70000000000002,1
Chip27,C27I9,15.881750533237822,205.89999999999998,1
Chip27,C27I10,17.295086007302768,223.6,1
Chip27,C27I11,17.00933567191852,220.14999999999998,1
Chip27,C27I12,16.979988221432897,218.00000000000003,1
Chip27,C27I13,16.770211686201222,215.8,1
Chip27,C27I14,16.468151080191124,213.4,1
Chip27,C27I15,16.30207042065516,210.65,1
Chip27,C27I16,16.076613449355555,207.95000000000002,1
Chip27,C27I17,17.039879694410992,219.85000000000002,1
Chip27,C27I18,16.362075051777513,211.85000000000002,1
Chip27,C27I19,15.790424313488224,204.35,1
Chip27,C27I20,15.184202316881839,197.0,1
Chip27,C27I21,14.457869829265997,188.90000000000003,1
Chip27,C27I22,14.019629096377694,181.9,1
Chip27,C27I23,13.680277774957638,175.1,1
Chip27,C27I24,13.672508913875323,174.75,1
Chip27,C27I25,17.840894035894053,230.85,0
Chip28,C28I1,17.27997395831371,211.04999999999998,0
Chip28,C28I2,15.806248764333679,197.45000000000002,1
Chip28,C28I3,15.462212002168377,190.6,1
Chip28,C28I4,14.945149714874052,186.65,1
Chip28,C28I5,14.622499786288252,182.85000000000002,1
Chip28,C28I6,14.409718942436035,178.8,1
Chip28,C28I7,14.009193410043277,174.05,1
Chip28,C28I8,13.819913169047043,169.9,1
Chip28,C28I9,15.092961935948818,187.84999999999997,1
Chip28,C28I10,16.44376781640996,204.25000000000003,1
Chip28,C28I11,16.25638336162137,200.89999999999998,1
Chip28,C28I12,15.865371095565335,198.89999999999998,1
Chip28,C28I13,15.808779206504212,196.94999999999996,1
Chip28,C28I14,15.674740827203488,194.84999999999997,1
Chip28,C28I15,15.53447778330511,192.20000000000002,1
Chip28,C28I16,15.21964191431585,189.84999999999997,1
Chip28,C28I17,16.19969135508452,200.70000000000002,1
Chip28,C28I18,15.554340230302286,193.54999999999998,1
Chip28,C28I19,15.032548020877899,186.75000000000003,1
Chip28,C28I20,14.342158136068644,180.05,1
Chip28,C28I21,13.853158484620035,172.5,1
Chip28,C28I22,13.526178322053866,166.15000000000003,1
Chip28,C28I23,12.991920566259632,159.9,1
Chip28,C28I24,22.58295817646572,164.1,1
Chip28,C28I25,16.948156241904307,211.20000000000002,0
Chip29,C29I1,18.78503393662092,237.35000000000002,0
Chip29,C29I2,17.69230058528285,222.34999999999997,1
Chip29,C29I3,17.00793932256345,215.10000000000005,1
Chip29,C29I4,16.561325430049372,210.14999999999998,1
Chip29,C29I5,16.278743809029,206.15000000000003,1
Chip29,C29I6,15.998671819873046,201.45000000000002,1
Chip29,C29I7,15.411602771937773,196.14999999999998,1
Chip29,C29I8,15.256474035634847,191.6,1
Chip29,C29I9,16.785410331594516,211.49999999999997,1
Chip29,C29I10,18.335143849994733,230.05,1
Chip29,C29I11,18.05706233029061,226.34999999999997,1
Chip29,C29I12,17.859451279364663,223.99999999999997,1
Chip29,C29I13,17.6322857281749,221.65,1
Chip29,C29I14,17.37865069560926,219.25,1
Chip29,C29I15,17.188368159892317,216.39999999999998,1
Chip29,C29I16,16.93841787180845,213.7,1
Chip29,C29I17,17.96712275240529,225.95,1
Chip29,C29I18,17.27310047443713,217.6,1
Chip29,C29I19,16.710475756243447,209.79999999999998,1
Chip29,C29I20,15.952429282087417,202.0,1
Chip29,C29I21,15.159073190667037,193.45000000000002,1
Chip29,C29I22,14.728798321655443,186.35,1
Chip29,C29I23,14.298251641372099,179.20000000000002,1
Chip29,C29I24,14.478950238190608,179.0,1
Chip29,C29I25,18.70695057993151,237.49999999999994,0
Chip30,C30I1,17.080324938361098,211.95,0
Chip30,C30I2,15.984680165708667,198.7,1
Chip30,C30I3,15.445306730524972,192.25000000000003,1
Chip30,C30I4,15.166327835042994,188.05,1
Chip30,C30I5,14.78707205636058,184.35,1
Chip30,C30I6,14.56219420279787,180.45,1
Chip30,C30I7,14.226647532008373,175.75,1
Chip30,C30I8,13.890194383089097,171.65,1
Chip30,C30I9,15.253114436075014,189.15,1
Chip30,C30I10,16.60534552486036,205.14999999999995,1
Chip30,C30I11,16.261534367949412,202.15000000000003,1
Chip30,C30I12,16.095651586686383,200.1,1
Chip30,C30I13,15.949216281686072,198.05,1
Chip30,C30I14,15.856859714331838,196.00000000000003,1
Chip30,C30I15,15.621699651446386,193.45,1
Chip30,C30I16,15.481279016928802,191.1,1
Chip30,C30I17,16.297239029970687,201.79999999999998,1
Chip30,C30I18,15.768322675541619,194.6,1
Chip30,C30I19,15.126714778827555,187.95,1
Chip30,C30I20,14.615060725156088,181.2,1
Chip30,C30I21,13.998571355677692,173.8,1
Chip30,C30I22,13.574976979722654,167.4,1
Chip30,C30I23,13.018352430319286,161.04999999999998,1
Chip30,C30I24,13.10877568653915,160.6,1
Chip30,C30I25,17.170250434982016,212.04999999999995,0
Chip31,C31I1,17.050513188757694,211.4,0
Chip31,C31I2,15.881356994917034,198.04999999999998,1
Chip31,C31I3,15.342017468377488,191.64999999999998,1
Chip31,C31I4,15.1099305094365,187.5,1
Chip31,C31I5,14.77624783224754,183.95000000000002,1
Chip31,C31I6,14.431822476735226,179.85,1
Chip31,C31I7,14.117719362559944,175.3,1
Chip31,C31I8,13.844493490193132,171.10000000000002,1
Chip31,C31I9,15.116795295299863,188.65000000000003,1
Chip31,C31I10,16.47414641187822,204.64999999999998,1
Chip31,C31I11,16.17776251525531,201.6,1
Chip31,C31I12,16.109624452481814,199.6,1
Chip31,C31I13,15.921055241409091,197.6,1
Chip31,C31I14,15.726092966786126,195.5,1
Chip31,C31I15,15.513784193419736,193.05,1
Chip31,C31I16,15.260324374009883,190.55,1
Chip31,C31I17,16.174980680050286,201.29999999999998,1
Chip31,C31I18,15.663652192257084,194.1,1
Chip31,C31I19,15.08509197850646,187.4,1
Chip31,C31I20,14.509910406339522,180.75,1
Chip31,C31I21,13.942381432165742,173.29999999999998,1
Chip31,C31I22,13.52146441773227,166.89999999999998,1
Chip31,C31I23,13.06139349380456,160.6,1
Chip31,C31I24,13.105342422081156,160.1,1
Chip31,C31I25,17.050513188757694,211.4,0
Chip32,C32I1,16.476574279867766,215.05,0
Chip32,C32I2,15.468354792931281,201.7,1
Chip32,C32I3,14.975646897546692,195.29999999999998,1
Chip32,C32I4,14.749915253993834,191.0,1
Chip32,C32I5,14.317733759223216,187.45000000000002,1
Chip32,C32I6,13.931170087253976,183.45,1
Chip32,C32I7,13.750545443726953,178.65,1
Chip32,C32I8,13.350561785932454,174.65000000000003,1
Chip32,C32I9,14.749915253993837,192.2,1
Chip32,C32I10,16.00124995117569,208.4,1
Chip32,C32I11,15.727682601070008,205.2,1
Chip32,C32I12,15.539626765144657,203.2,1
Chip32,C32I13,15.32285874110964,201.1,1
Chip32,C32I14,15.210440493292756,199.05,1
Chip32,C32I15,15.155114648197156,196.55,1
Chip32,C32I16,14.889929482707437,194.1,1
Chip32,C32I17,15.765468594367885,204.9,1
Chip32,C32I18,15.06751472539516,197.7,1
Chip32,C32I19,14.748474497384466,190.95000000000002,1
Chip32,C32I20,14.099290762304323,184.1,1
Chip32,C32I21,13.47358526896238,176.75000000000003,1
Chip32,C32I22,13.118593674628386,170.35,1
Chip32,C32I23,12.648715349789484,163.89999999999998,1
Chip32,C32I24,12.617349166920915,163.35,1
Chip32,C32I25,16.564721549123608,215.10000000000002,0
